CREATE DATABASE  IF NOT EXISTS `jtaf` /*!40100 DEFAULT CHARACTER SET latin1 */;
USE `jtaf`;
-- MySQL dump 10.13  Distrib 5.6.13, for Win32 (x86)
--
-- Host: 127.0.0.1    Database: jtaf
-- ------------------------------------------------------
-- Server version	5.6.16

/*!40101 SET @OLD_CHARACTER_SET_CLIENT=@@CHARACTER_SET_CLIENT */;
/*!40101 SET @OLD_CHARACTER_SET_RESULTS=@@CHARACTER_SET_RESULTS */;
/*!40101 SET @OLD_COLLATION_CONNECTION=@@COLLATION_CONNECTION */;
/*!40101 SET NAMES utf8 */;
/*!40103 SET @OLD_TIME_ZONE=@@TIME_ZONE */;
/*!40103 SET TIME_ZONE='+00:00' */;
/*!40014 SET @OLD_UNIQUE_CHECKS=@@UNIQUE_CHECKS, UNIQUE_CHECKS=0 */;
/*!40014 SET @OLD_FOREIGN_KEY_CHECKS=@@FOREIGN_KEY_CHECKS, FOREIGN_KEY_CHECKS=0 */;
/*!40101 SET @OLD_SQL_MODE=@@SQL_MODE, SQL_MODE='NO_AUTO_VALUE_ON_ZERO' */;
/*!40111 SET @OLD_SQL_NOTES=@@SQL_NOTES, SQL_NOTES=0 */;

--
-- Table structure for table `athlete`
--

DROP TABLE IF EXISTS `athlete`;
/*!40101 SET @saved_cs_client     = @@character_set_client */;
/*!40101 SET character_set_client = utf8 */;
CREATE TABLE `athlete` (
  `id` bigint(20) NOT NULL AUTO_INCREMENT,
  `firstName` varchar(255) NOT NULL,
  `gender` varchar(255) NOT NULL,
  `lastName` varchar(255) NOT NULL,
  `series_id` bigint(20) NOT NULL,
  `yearofbirth` int(11) NOT NULL,
  `category_id` bigint(20) NOT NULL,
  `club_id` bigint(20) DEFAULT NULL,
  PRIMARY KEY (`id`),
  KEY `fk_athlete_category` (`category_id`),
  KEY `fk_athlete_club` (`club_id`),
  KEY `fk_athlete_series` (`series_id`),
  CONSTRAINT `fk_athlete_category` FOREIGN KEY (`category_id`) REFERENCES `category` (`id`),
  CONSTRAINT `fk_athlete_club` FOREIGN KEY (`club_id`) REFERENCES `club` (`id`),
  CONSTRAINT `fk_athlete_series` FOREIGN KEY (`series_id`) REFERENCES `series` (`id`)
) ENGINE=InnoDB AUTO_INCREMENT=606 DEFAULT CHARSET=latin1;
/*!40101 SET character_set_client = @saved_cs_client */;

--
-- Dumping data for table `athlete`
--

LOCK TABLES `athlete` WRITE;
/*!40000 ALTER TABLE `athlete` DISABLE KEYS */;
INSERT INTO `athlete` VALUES (164,'Gian','m','Ballif',137,1998,153,29),(165,'Kevin','m','Grimm',137,1997,152,28),(166,'Alexander','m','Bennet',137,1999,153,28),(167,'Fabian','m','Grimm',137,1999,153,28),(168,'Joël','m','Grosjean',137,1999,153,29),(169,'Luc','m','Künzler',137,2000,154,29),(170,'Miomon','m','Schneider-Ludorff',137,1999,153,28),(171,'Sédric','m','Scholer',137,2000,154,29),(172,'Lucien','m','Büchli-Köhli',137,2002,155,29),(173,'Adirano','m','Campiotti',137,2001,154,29),(174,'Julian','m','Christen',137,2001,154,29),(175,'Reto','m','Dubler',137,2002,155,28),(176,'Nicola','m','Künzler',137,2002,155,29),(177,'Lani','m','Scholer',137,2002,155,29),(178,'Delano','m','Winkler',137,2002,155,29),(179,'Eric','m','Aeberhardt',137,2003,155,29),(180,'Julian','m','Berner',137,2004,156,28),(181,'Thibault','m','Biselli',137,2004,156,30),(182,'Miguel','m','Brander',137,2003,155,28),(183,'Noah','m','Christen',137,2003,155,29),(184,'Téo','m','Emery',137,2003,155,30),(185,'Robbie','m','Gilchrist',137,2003,155,28),(186,'Valérian Luc','m','Huguelet',137,2003,155,29),(187,'Rrezart','m','Kokolari',137,2003,155,30),(188,'Matthieu','m','Rais',137,2004,156,30),(189,'Félicien','m','Stauffer',137,2004,156,31),(190,'Antoine','m','Sunier',137,2004,156,31),(191,'Maxime','m','Sunier',137,2003,155,31),(192,'Jeremias','m','Teutsch',137,2004,156,29),(193,'Jonas','m','Teutsch',137,2004,156,29),(194,'Maël','m','Burkhard',137,2005,156,31),(195,'Terry','m','Conrad',137,2006,157,31),(196,'Mathis','m','Künzler',137,2005,156,29),(197,'Linus','m','Moser',137,2006,157,29),(198,'Luc','m','Perrot',137,2005,156,29),(199,'Kaene','m','Rollier',137,2005,156,31),(200,'Raïn','m','Schaffter',137,2006,157,31),(201,'Sami','m','Simeoni',137,2007,157,31),(202,'Lea','f','Forti',137,1997,158,29),(203,'Mélanie','f','Grosjean',137,1997,158,29),(204,'Fabienne','f','Müller',137,1997,158,29),(205,'Patricia','f','Reist',137,1998,159,31),(206,'Jil','f','Rüfenacht',137,1998,159,29),(207,'Caroline','f','Sahli',137,1998,159,31),(208,'Zoé','f','Gilchrist',137,2000,160,28),(209,'Laila','f','Huguet',137,2000,160,31),(210,'Pauline','f','Aubry',137,2001,160,31),(211,'Joy','f','Ballif',137,2001,160,29),(212,'Michelle','f','Feuz',137,2001,160,28),(213,'Anaelle','f','Giauque',137,2001,160,31),(214,'Lia','f','Rüfenacht',137,2001,160,29),(215,'Muriel','f','Sprunger',137,2002,161,31),(216,'Loriane','f','Sunier',137,2001,160,31),(217,'Meryl','f','Sunier',137,2002,161,31),(218,'Ayla','f','Winkler',137,2002,161,29),(219,'Antonia','f','Anker',137,2003,161,28),(220,'Julie','f','Aubry',137,2003,161,31),(221,'Jamina','f','Brander',137,2004,162,28),(222,'Elodie','f','Fröhlicher',137,2003,161,31),(223,'Léonie','f','Gfeller',137,2004,162,29),(224,'Nora','f','Michel',137,2003,161,29),(225,'Keira','f','Pedone',137,2004,162,30),(226,'Elia','f','Risse',137,2003,161,30),(227,'Zora','f','Schaffter',137,2004,162,31),(228,'Melyna','f','St-Louis',137,2004,162,30),(229,'Olga','f','Blanchard',137,2005,162,30),(230,'Félicia','f','Conrad',137,2006,163,31),(231,'Anja','f','Dubler',137,2005,162,28),(232,'Sacha','f','Girard-Pupenko',137,2005,162,30),(233,'Lina','f','Michel',137,2006,163,29),(234,'Manon','f','Perrinjaquet',137,2006,163,31),(235,'Anouk','f','Peter',137,2005,162,29),(236,'Leïla','f','Schaffter',137,2006,163,31),(237,'Caroline','f','Winkelmann',137,2006,163,31),(238,'Zoé','f','Zurgilgen',137,2005,162,29),(239,'Muriel','f','Frésard',137,2008,163,31),(240,'Amélie','f','Stauffer',137,2008,163,31),(501,'Sabine','f','Castagnoli',137,2003,161,30),(506,'Amelia','f','Fröhlicher',137,2002,161,31),(507,'Lüthi','m','Till',137,1999,153,29),(508,'Paul','m','Klein',137,1999,153,29),(509,'Noah','m','Schneider',137,2002,155,28),(510,'Elia','m','Martinelli',137,2005,156,28),(511,'Lukas','m','Martinelli',137,2005,156,28),(512,'Keane','m','Rollier',137,2005,156,31),(513,'Nicole','f','Olczyk',137,2000,160,28),(514,'Lilli','f','Klein',137,2001,160,29),(515,'Zara','f','Bagioli',137,2002,161,29),(516,'Silja','f','Von Ballmoos',137,2004,162,28),(517,'Kevin','m','Grimm',140,1997,164,28),(518,'Gian','m','Ballif',140,1998,164,29),(519,'Alexander','m','Bennet',140,1999,165,28),(520,'Fabian','m','Grimm',140,1999,165,28),(521,'Joël','m','Grosjean',140,1999,165,29),(522,'Paul','m','Klein',140,1999,165,29),(523,'Miomon','m','Schneider-Ludorff',140,1999,165,28),(524,'Lüthi','m','Till',140,1999,165,29),(525,'Adirano','m','Campiotti',140,2001,166,29),(526,'Julian','m','Christen',140,2001,166,29),(527,'Luc','m','Künzler',140,2000,165,29),(528,'Sédric','m','Scholer',140,2000,165,29),(529,'Eric','m','Aeberhardt',140,2003,167,29),(530,'Miguel','m','Brander',140,2003,167,28),(531,'Lucien','m','Büchli-Köhli',140,2002,166,29),(532,'Noah','m','Christen',140,2003,167,29),(533,'Reto','m','Dubler',140,2002,166,28),(534,'Téo','m','Emery',140,2003,167,30),(535,'Robbie','m','Gilchrist',140,2003,167,28),(536,'Valérian Luc','m','Huguelet',140,2003,167,29),(537,'Rrezart','m','Kokolari',140,2003,167,30),(538,'Nicola','m','Künzler',140,2002,166,29),(539,'Noah','m','Schneider',140,2002,166,28),(540,'Lani','m','Scholer',140,2002,166,29),(541,'Maxime','m','Sunier',140,2003,167,31),(542,'Delano','m','Winkler',140,2002,166,29),(543,'Julian','m','Berner',140,2004,167,28),(544,'Thibault','m','Biselli',140,2004,167,30),(545,'Maël','m','Burkhard',140,2005,168,31),(546,'Mathis','m','Künzler',140,2005,168,29),(547,'Elia','m','Martinelli',140,2005,168,28),(548,'Lukas','m','Martinelli',140,2005,168,28),(549,'Luc','m','Perrot',140,2005,168,29),(550,'Matthieu','m','Rais',140,2004,167,30),(551,'Kaene','m','Rollier',140,2005,168,31),(552,'Keane','m','Rollier',140,2005,168,31),(553,'Félicien','m','Stauffer',140,2004,167,31),(554,'Antoine','m','Sunier',140,2004,167,31),(555,'Jeremias','m','Teutsch',140,2004,167,29),(556,'Jonas','m','Teutsch',140,2004,167,29),(557,'Terry','m','Conrad',140,2006,168,31),(558,'Linus','m','Moser',140,2006,168,29),(559,'Raïn','m','Schaffter',140,2006,168,31),(560,'Sami','m','Simeoni',140,2007,169,31),(561,'Lea','f','Forti',140,1997,170,29),(562,'Mélanie','f','Grosjean',140,1997,170,29),(563,'Fabienne','f','Müller',140,1997,170,29),(564,'Patricia','f','Reist',140,1998,170,31),(565,'Jil','f','Rüfenacht',140,1998,170,29),(566,'Caroline','f','Sahli',140,1998,170,31),(567,'Pauline','f','Aubry',140,2001,172,31),(568,'Joy','f','Ballif',140,2001,172,29),(569,'Michelle','f','Feuz',140,2001,172,28),(570,'Anaelle','f','Giauque',140,2001,172,31),(571,'Zoé','f','Gilchrist',140,2000,171,28),(572,'Laila','f','Huguet',140,2000,171,31),(573,'Lilli','f','Klein',140,2001,172,29),(574,'Nicole','f','Olczyk',140,2000,171,28),(575,'Lia','f','Rüfenacht',140,2001,172,29),(576,'Loriane','f','Sunier',140,2001,172,31),(577,'Antonia','f','Anker',140,2003,173,28),(578,'Julie','f','Aubry',140,2003,173,31),(579,'Zara','f','Bagioli',140,2002,172,29),(580,'Sabine','f','Castagnoli',140,2003,173,30),(581,'Amelia','f','Fröhlicher',140,2002,172,31),(582,'Elodie','f','Fröhlicher',140,2003,173,31),(583,'Nora','f','Michel',140,2003,173,29),(584,'Elia','f','Risse',140,2003,173,30),(585,'Muriel','f','Sprunger',140,2002,172,31),(586,'Meryl','f','Sunier',140,2002,172,31),(587,'Ayla','f','Winkler',140,2002,172,29),(588,'Olga','f','Blanchard',140,2005,174,30),(589,'Jamina','f','Brander',140,2004,173,28),(590,'Anja','f','Dubler',140,2005,174,28),(591,'Léonie','f','Gfeller',140,2004,173,29),(592,'Sacha','f','Girard-Pupenko',140,2005,174,30),(593,'Keira','f','Pedone',140,2004,173,30),(594,'Anouk','f','Peter',140,2005,174,29),(595,'Zora','f','Schaffter',140,2004,173,31),(596,'Melyna','f','St-Louis',140,2004,173,30),(597,'Silja','f','Von Ballmoos',140,2004,173,28),(598,'Zoé','f','Zurgilgen',140,2005,174,29),(599,'Félicia','f','Conrad',140,2006,174,31),(600,'Muriel','f','Frésard',140,2008,175,31),(601,'Lina','f','Michel',140,2006,174,29),(602,'Manon','f','Perrinjaquet',140,2006,174,31),(603,'Leïla','f','Schaffter',140,2006,174,31),(604,'Amélie','f','Stauffer',140,2008,175,31),(605,'Caroline','f','Winkelmann',140,2006,174,31);
/*!40000 ALTER TABLE `athlete` ENABLE KEYS */;
UNLOCK TABLES;

--
-- Table structure for table `category`
--

DROP TABLE IF EXISTS `category`;
/*!40101 SET @saved_cs_client     = @@character_set_client */;
/*!40101 SET character_set_client = utf8 */;
CREATE TABLE `category` (
  `id` bigint(20) NOT NULL AUTO_INCREMENT,
  `abbreviation` varchar(255) NOT NULL,
  `gender` varchar(255) NOT NULL,
  `name` varchar(255) NOT NULL,
  `series_id` bigint(20) NOT NULL,
  `yearfrom` int(11) NOT NULL,
  `yearto` int(11) NOT NULL,
  PRIMARY KEY (`id`),
  KEY `fk_category_series` (`series_id`),
  CONSTRAINT `fk_category_series` FOREIGN KEY (`series_id`) REFERENCES `series` (`id`)
) ENGINE=InnoDB AUTO_INCREMENT=176 DEFAULT CHARSET=latin1;
/*!40101 SET character_set_client = @saved_cs_client */;

--
-- Dumping data for table `category`
--

LOCK TABLES `category` WRITE;
/*!40000 ALTER TABLE `category` DISABLE KEYS */;
INSERT INTO `category` VALUES (152,'A','m','Knaben',137,1900,1997),(153,'B','m','Knaben',137,1998,1999),(154,'C','m','Knaben',137,2000,2001),(155,'D','m','Knaben',137,2002,2003),(156,'E','m','Knaben',137,2004,2005),(157,'F','m','Knaben',137,2006,2099),(158,'G','f','Mädchen',137,1900,1997),(159,'H','f','Mädchen',137,1998,1999),(160,'I','f','Mädchen',137,2000,2001),(161,'K','f','Mädchen',137,2002,2003),(162,'L','f','Mädchen',137,2004,2005),(163,'M','f','Mädchen',137,2006,2099),(164,'A','m','Knaben',140,1900,1998),(165,'B','m','Knaben',140,1999,2000),(166,'C','m','Knaben',140,2001,2002),(167,'D','m','Knaben',140,2003,2004),(168,'E','m','Knaben',140,2005,2006),(169,'F','m','Knaben',140,2007,2099),(170,'G','f','Mädchen',140,1900,1998),(171,'H','f','Mädchen',140,1999,2000),(172,'I','f','Mädchen',140,2001,2002),(173,'K','f','Mädchen',140,2003,2004),(174,'L','f','Mädchen',140,2005,2006),(175,'M','f','Mädchen',140,2007,2099);
/*!40000 ALTER TABLE `category` ENABLE KEYS */;
UNLOCK TABLES;

--
-- Table structure for table `category_event`
--

DROP TABLE IF EXISTS `category_event`;
/*!40101 SET @saved_cs_client     = @@character_set_client */;
/*!40101 SET character_set_client = utf8 */;
CREATE TABLE `category_event` (
  `category_id` bigint(20) NOT NULL,
  `event_id` bigint(20) NOT NULL,
  `position` int(11) NOT NULL,
  PRIMARY KEY (`category_id`,`event_id`),
  UNIQUE KEY `ux_category_event` (`category_id`,`event_id`),
  KEY `fk_category_event_event` (`event_id`),
  KEY `fk_category_event_category` (`category_id`),
  CONSTRAINT `fk_category_event_category` FOREIGN KEY (`category_id`) REFERENCES `category` (`id`),
  CONSTRAINT `fk_category_event_event` FOREIGN KEY (`event_id`) REFERENCES `event` (`id`)
) ENGINE=InnoDB DEFAULT CHARSET=latin1;
/*!40101 SET character_set_client = @saved_cs_client */;

--
-- Dumping data for table `category_event`
--

LOCK TABLES `category_event` WRITE;
/*!40000 ALTER TABLE `category_event` DISABLE KEYS */;
INSERT INTO `category_event` VALUES (152,140,3),(152,142,0),(152,148,2),(152,150,1),(153,140,3),(153,142,0),(153,148,2),(153,150,1),(154,140,3),(154,142,0),(154,146,2),(154,150,1),(155,140,3),(155,142,0),(155,144,2),(155,150,1),(156,138,0),(156,144,2),(156,150,1),(156,363,3),(157,138,0),(157,144,2),(157,409,3),(157,411,1),(158,141,3),(158,143,0),(158,147,2),(158,151,1),(159,141,3),(159,143,0),(159,147,2),(159,151,1),(160,141,3),(160,143,0),(160,147,2),(160,151,1),(161,141,3),(161,143,0),(161,145,2),(161,151,1),(162,139,0),(162,145,2),(162,151,1),(162,364,3),(163,139,0),(163,145,2),(163,410,3),(163,412,1),(164,415,3),(164,421,0),(164,427,2),(164,429,1),(165,415,3),(165,421,0),(165,427,2),(165,429,1),(166,415,3),(166,421,0),(166,425,2),(166,429,1),(167,415,3),(167,421,0),(167,423,2),(167,429,1),(168,413,0),(168,417,3),(168,423,2),(168,429,1),(169,413,0),(169,419,3),(169,423,2),(169,431,1),(170,416,3),(170,422,0),(170,426,2),(170,430,1),(171,416,3),(171,422,0),(171,426,2),(171,430,1),(172,416,3),(172,422,0),(172,426,2),(172,430,1),(173,416,3),(173,422,0),(173,424,2),(173,430,1),(174,414,0),(174,418,3),(174,424,2),(174,430,1),(175,414,0),(175,420,3),(175,424,2),(175,432,1);
/*!40000 ALTER TABLE `category_event` ENABLE KEYS */;
UNLOCK TABLES;

--
-- Table structure for table `club`
--

DROP TABLE IF EXISTS `club`;
/*!40101 SET @saved_cs_client     = @@character_set_client */;
/*!40101 SET character_set_client = utf8 */;
CREATE TABLE `club` (
  `id` bigint(20) NOT NULL AUTO_INCREMENT,
  `abbreviation` varchar(255) NOT NULL,
  `name` varchar(255) NOT NULL,
  `space_id` bigint(20) NOT NULL,
  PRIMARY KEY (`id`),
  KEY `fk_club_tspace` (`space_id`),
  CONSTRAINT `fk_club_tspace` FOREIGN KEY (`space_id`) REFERENCES `tspace` (`id`)
) ENGINE=InnoDB AUTO_INCREMENT=33 DEFAULT CHARSET=latin1;
/*!40101 SET character_set_client = @saved_cs_client */;

--
-- Dumping data for table `club`
--

LOCK TABLES `club` WRITE;
/*!40000 ALTER TABLE `club` DISABLE KEYS */;
INSERT INTO `club` VALUES (28,'TVE','Erlach',7),(29,'TVT','Twann',7),(30,'TVLL','Le Landeron',7),(31,'TVN','Nods',7),(32,'TVLN','La Neuveville',7);
/*!40000 ALTER TABLE `club` ENABLE KEYS */;
UNLOCK TABLES;

--
-- Table structure for table `competition`
--

DROP TABLE IF EXISTS `competition`;
/*!40101 SET @saved_cs_client     = @@character_set_client */;
/*!40101 SET character_set_client = utf8 */;
CREATE TABLE `competition` (
  `id` bigint(20) NOT NULL AUTO_INCREMENT,
  `competitiondate` date NOT NULL,
  `name` varchar(255) NOT NULL,
  `series_id` bigint(20) NOT NULL,
  PRIMARY KEY (`id`),
  KEY `fk_competition_series` (`series_id`),
  CONSTRAINT `fk_competition_series` FOREIGN KEY (`series_id`) REFERENCES `series` (`id`)
) ENGINE=InnoDB AUTO_INCREMENT=244 DEFAULT CHARSET=latin1;
/*!40101 SET character_set_client = @saved_cs_client */;

--
-- Dumping data for table `competition`
--

LOCK TABLES `competition` WRITE;
/*!40000 ALTER TABLE `competition` DISABLE KEYS */;
INSERT INTO `competition` VALUES (241,'2013-05-25','CIS 2 Twann',137),(242,'2013-05-04','CIS 1 Erlach',137),(243,'2014-05-03','CIS 1 Erlach',140);
/*!40000 ALTER TABLE `competition` ENABLE KEYS */;
UNLOCK TABLES;

--
-- Table structure for table `event`
--

DROP TABLE IF EXISTS `event`;
/*!40101 SET @saved_cs_client     = @@character_set_client */;
/*!40101 SET character_set_client = utf8 */;
CREATE TABLE `event` (
  `id` bigint(20) NOT NULL AUTO_INCREMENT,
  `a` double NOT NULL,
  `b` double NOT NULL,
  `c` double NOT NULL,
  `gender` varchar(255) NOT NULL,
  `name` varchar(255) NOT NULL,
  `series_id` bigint(20) NOT NULL,
  `type` varchar(255) NOT NULL,
  `longname` varchar(255) NOT NULL,
  PRIMARY KEY (`id`),
  KEY `fk_event_series` (`series_id`),
  CONSTRAINT `fk_event_series` FOREIGN KEY (`series_id`) REFERENCES `series` (`id`)
) ENGINE=InnoDB AUTO_INCREMENT=433 DEFAULT CHARSET=latin1;
/*!40101 SET character_set_client = @saved_cs_client */;

--
-- Dumping data for table `event`
--

LOCK TABLES `event` WRITE;
/*!40000 ALTER TABLE `event` DISABLE KEYS */;
INSERT INTO `event` VALUES (138,17.686955,1397,2.1,'m','60',137,'RUN','60 m'),(139,19.742424,1417,2.1,'f','60',137,'RUN','60 m'),(140,0.086375,18833,2.1,'m','600',137,'RUN_LONG','600 m'),(141,0.089752,19543,2.1,'f','600',137,'RUN_LONG','600 m'),(142,10.54596,1778,2.1,'m','80',137,'RUN','80 m'),(143,11.754907,1803,2.1,'f','80',137,'RUN','80 m'),(144,18,800,0.9,'m','ball',137,'JUMP_THROW','Ball'),(145,22,500,0.9,'f','ball',137,'JUMP_THROW','Ball'),(146,82.491673,178,0.9,'m','kugel 3',137,'JUMP_THROW','Kugel 3 kg'),(147,83.435373,130,0.9,'f','kugel 3',137,'JUMP_THROW','Kugel 3 kg'),(148,82.491673,178,0.9,'m','kugel 4',137,'JUMP_THROW','Kugel 4 kg'),(149,83.435373,130,0.9,'f','kugel 4',137,'JUMP_THROW','Kugel 4 kg'),(150,180.85908,190,1,'m','weit',137,'JUMP_THROW','Weitsprung'),(151,220.628792,180,1,'f','weit',137,'JUMP_THROW','Weitsprung'),(363,0.086375,19833,2.1,'m','600+20',137,'RUN_LONG','600 m'),(364,0.089752,20543,2.1,'f','600+20',137,'RUN_LONG','600 m'),(409,0.086375,21833,2.1,'m','600+40',137,'RUN_LONG','600 m'),(410,0.089752,22543,2.1,'f','600+40',137,'RUN_LONG','600 m'),(411,180.85908,130,1,'m','weit-60',137,'JUMP_THROW','Weitsprung'),(412,220.628792,120,1,'f','weit-60',137,'JUMP_THROW','Weitsprung'),(413,17.686955,1397,2.1,'m','60',140,'RUN','60 m'),(414,19.742424,1417,2.1,'f','60',140,'RUN','60 m'),(415,0.086375,18833,2.1,'m','600',140,'RUN_LONG','600 m'),(416,0.089752,19543,2.1,'f','600',140,'RUN_LONG','600 m'),(417,0.086375,19833,2.1,'m','600+20',140,'RUN_LONG','600 m'),(418,0.089752,20543,2.1,'f','600+20',140,'RUN_LONG','600 m'),(419,0.086375,21833,2.1,'m','600+40',140,'RUN_LONG','600 m'),(420,0.089752,22543,2.1,'f','600+40',140,'RUN_LONG','600 m'),(421,10.54596,1778,2.1,'m','80',140,'RUN','80 m'),(422,11.754907,1803,2.1,'f','80',140,'RUN','80 m'),(423,18,800,0.9,'m','ball',140,'JUMP_THROW','Ball'),(424,22,500,0.9,'f','ball',140,'JUMP_THROW','Ball'),(425,82.491673,178,0.9,'m','kugel 3',140,'JUMP_THROW','Kugel 3 kg'),(426,83.435373,130,0.9,'f','kugel 3',140,'JUMP_THROW','Kugel 3 kg'),(427,82.491673,178,0.9,'m','kugel 4',140,'JUMP_THROW','Kugel 4 kg'),(428,83.435373,130,0.9,'f','kugel 4',140,'JUMP_THROW','Kugel 4 kg'),(429,180.85908,190,1,'m','weit',140,'JUMP_THROW','Weitsprung'),(430,220.628792,180,1,'f','weit',140,'JUMP_THROW','Weitsprung'),(431,180.85908,130,1,'m','weit-60',140,'JUMP_THROW','Weitsprung'),(432,220.628792,120,1,'f','weit-60',140,'JUMP_THROW','Weitsprung');
/*!40000 ALTER TABLE `event` ENABLE KEYS */;
UNLOCK TABLES;

--
-- Table structure for table `result`
--

DROP TABLE IF EXISTS `result`;
/*!40101 SET @saved_cs_client     = @@character_set_client */;
/*!40101 SET character_set_client = utf8 */;
CREATE TABLE `result` (
  `id` bigint(20) NOT NULL AUTO_INCREMENT,
  `points` int(11) NOT NULL,
  `result` varchar(255) NOT NULL,
  `competition_id` bigint(20) NOT NULL,
  `event_id` bigint(20) NOT NULL,
  `athlete_id` bigint(20) NOT NULL,
  `position` int(11) NOT NULL,
  PRIMARY KEY (`id`),
  KEY `fk_result_competition` (`competition_id`),
  KEY `fk_result_event` (`event_id`),
  KEY `fk_result_athlete` (`athlete_id`),
  CONSTRAINT `fk_result_athlete` FOREIGN KEY (`athlete_id`) REFERENCES `athlete` (`id`),
  CONSTRAINT `fk_result_competition` FOREIGN KEY (`competition_id`) REFERENCES `competition` (`id`),
  CONSTRAINT `fk_result_event` FOREIGN KEY (`event_id`) REFERENCES `event` (`id`)
) ENGINE=InnoDB AUTO_INCREMENT=935 DEFAULT CHARSET=latin1;
/*!40101 SET character_set_client = @saved_cs_client */;

--
-- Dumping data for table `result`
--

LOCK TABLES `result` WRITE;
/*!40000 ALTER TABLE `result` DISABLE KEYS */;
INSERT INTO `result` VALUES (243,331,'3.73',241,150,165,1),(244,389,'7.38',241,148,165,2),(245,145,'2.34',241,140,165,3),(251,371,'3.95',241,150,166,1),(252,365,'7.00',241,148,166,2),(253,203,'2.28',241,140,166,3),(255,344,'3.80',241,150,168,1),(256,257,'5.31',241,148,168,2),(257,395,'2.13',241,140,168,3),(263,307,'3.60',241,150,167,1),(264,297,'5.93',241,148,167,2),(265,0,'3.15',241,140,167,3),(267,260,'13.18',241,142,165,0),(268,541,'11.26',241,142,164,0),(269,434,'4.30',241,150,164,1),(270,388,'7.36',241,148,164,2),(271,525,'2.05',241,140,164,3),(272,390,'12.20',241,142,166,0),(273,334,'12.60',241,142,168,0),(274,284,'12.98',241,142,170,0),(275,335,'3.75',241,150,170,1),(276,292,'5.85',241,148,170,2),(277,128,'2.36',241,140,170,3),(278,248,'13.28',241,142,167,0),(280,246,'13.30',241,142,171,0),(281,298,'3.55',241,150,171,1),(282,266,'5.46',241,146,171,2),(283,337,'2.17',241,140,171,3),(285,282,'3.46',241,150,169,1),(286,373,'7.12',241,146,169,2),(287,163,'2.32',241,140,169,3),(288,228,'13.46',241,142,169,0),(289,273,'13.07',241,142,174,0),(290,295,'3.53',241,150,174,1),(291,224,'4.82',241,146,174,2),(292,236,'2.25',241,140,174,3),(293,198,'13.74',241,142,173,0),(294,150,'2.73',241,150,173,1),(295,137,'3.53',241,146,173,2),(296,128,'2.36',241,140,173,3),(297,332,'12.61',241,142,178,0),(298,345,'3.81',241,150,178,1),(299,281,'29.18',241,144,178,2),(300,351,'2.16',241,140,178,3),(301,639,'10.72',241,142,185,0),(302,239,'3.22',241,150,185,1),(303,289,'29.83',241,144,185,2),(304,120,'2.37',241,140,185,3),(305,282,'13.00',241,142,177,0),(306,264,'3.36',241,150,177,1),(307,331,'33.45',241,144,177,2),(308,104,'2.39',241,140,177,3),(309,188,'13.84',241,142,182,0),(310,235,'3.20',241,150,182,1),(311,285,'29.52',241,144,182,2),(312,225,'2.26',241,140,182,3),(313,134,'14.42',241,142,187,0),(314,217,'3.10',241,150,187,1),(315,352,'35.19',241,144,187,2),(316,136,'2.35',241,140,187,3),(317,194,'13.78',241,142,175,0),(318,253,'3.30',241,150,175,1),(319,299,'30.69',241,144,175,2),(320,70,'2.44',241,140,175,3),(322,208,'3.05',241,150,172,1),(323,223,'24.36',241,144,172,2),(324,104,'2.39',241,140,172,3),(325,221,'13.52',241,142,172,0),(326,157,'14.16',241,142,176,0),(327,230,'3.17',241,150,176,1),(328,190,'21.71',241,144,176,2),(329,48,'2.48',241,140,176,3),(330,40,'15.90',241,142,186,0),(331,188,'2.94',241,150,186,1),(332,232,'25.14',241,144,186,2),(333,83,'2.42',241,140,186,3),(335,132,'2.63',241,150,183,1),(336,97,'14.51',241,144,183,2),(337,27,'16.21',241,142,184,0),(338,186,'2.93',241,150,184,1),(339,162,'19.49',241,144,184,2),(340,7,'3.00',241,140,184,3),(341,56,'15.56',241,142,191,0),(342,54,'2.20',241,150,191,1),(343,160,'19.34',241,144,191,2),(344,27,'2.53',241,140,191,3),(345,26,'16.23',241,142,179,0),(346,63,'2.25',241,150,179,1),(347,125,'16.62',241,144,179,2),(348,0,'3.27',241,140,179,3),(365,162,'11.10',241,138,190,0),(366,181,'2.90',241,150,190,1),(367,231,'25.01',241,144,190,2),(368,260,'2.33',241,363,190,3),(369,134,'11.35',241,138,180,0),(370,150,'2.73',241,150,180,1),(371,244,'26.14',241,144,180,2),(372,128,'2.46',241,363,180,3),(373,81,'11.91',241,138,181,0),(374,181,'2.90',241,150,181,1),(375,214,'23.67',241,144,181,2),(376,97,'2.50',241,363,181,3),(377,227,'10.60',241,138,189,0),(378,101,'2.46',241,150,189,1),(379,196,'22.17',241,144,189,2),(380,48,'2.58',241,363,189,3),(381,99,'11.70',241,138,193,0),(382,172,'2.85',241,150,193,1),(383,187,'21.44',241,144,193,2),(384,2,'3.14',241,363,193,3),(385,112,'11.56',241,138,192,0),(386,154,'2.75',241,150,192,1),(387,70,'12.52',241,144,192,2),(388,77,'2.53',241,363,192,3),(389,5,'13.40',241,138,194,0),(390,27,'2.05',241,150,194,1),(391,199,'22.47',241,144,194,2),(392,6,'3.11',241,363,194,3),(393,10,'13.22',241,138,196,0),(394,118,'2.55',241,150,196,1),(395,68,'12.36',241,144,196,2),(396,0,'3.21',241,363,196,3),(397,3,'13.55',241,138,198,0),(398,99,'2.45',241,150,198,1),(399,56,'11.51',241,144,198,2),(400,4,'3.12',241,363,198,3),(401,0,'14.10',241,138,188,0),(402,18,'2.00',241,150,188,1),(403,124,'16.55',241,144,188,2),(404,0,'3.26',241,363,188,3),(405,14,'13.08',241,138,199,0),(406,18,'2.00',241,150,199,1),(407,50,'11.10',241,144,199,2),(408,3,'3.13',241,363,199,3),(413,41,'12.48',241,138,200,0),(414,136,'2.05',241,411,200,1),(415,0,'7.73',241,144,200,2),(416,77,'3.13',241,409,200,3),(417,1,'13.72',241,138,195,0),(418,96,'1.83',241,411,195,1),(419,32,'9.92',241,144,195,2),(420,9,'3.29',241,409,195,3),(421,0,'14.64',241,138,197,0),(422,72,'1.70',241,411,197,1),(423,37,'10.22',241,144,197,2),(424,12,'3.28',241,409,197,3),(425,0,'15.94',241,138,201,0),(426,36,'1.50',241,411,201,1),(427,1,'8.02',241,144,201,2),(428,59,'3.16',241,409,201,3),(432,364,'12.90',241,143,204,0),(433,395,'3.59',241,151,204,1),(434,501,'8.62',241,147,204,2),(435,367,'2.23',241,141,204,3),(436,337,'13.09',241,143,203,0),(437,421,'3.71',241,151,203,1),(438,347,'6.17',241,147,203,2),(439,171,'2.39',241,141,203,3),(440,121,'15.00',241,143,206,0),(441,437,'3.78',241,151,206,1),(442,370,'6.54',241,147,206,2),(443,32,'2.59',241,141,206,3),(444,163,'14.53',241,143,207,0),(445,254,'2.95',241,151,207,1),(446,384,'6.76',241,147,207,2),(447,2,'3.11',241,141,207,3),(448,81,'15.53',241,143,205,0),(449,110,'2.30',241,151,205,1),(450,365,'6.45',241,147,205,2),(451,0,'3.56',241,141,205,3),(452,468,'12.25',241,143,209,0),(453,379,'3.52',241,151,209,1),(454,300,'5.45',241,147,209,2),(455,247,'2.32',241,141,209,3),(456,412,'12.59',241,143,212,0),(457,408,'3.65',241,151,212,1),(458,307,'5.55',241,147,212,2),(459,212,'2.35',241,141,212,3),(460,169,'14.47',241,143,208,0),(461,397,'3.60',241,151,208,1),(462,306,'5.53',241,147,208,2),(463,74,'2.51',241,141,208,3),(464,292,'13.41',241,143,213,0),(465,340,'3.34',241,151,213,1),(466,222,'4.27',241,147,213,2),(467,101,'2.47',241,141,213,3),(475,218,'2.79',241,151,211,1),(476,253,'4.73',241,147,211,2),(477,116,'15.05',241,143,216,0),(478,150,'2.48',241,151,216,1),(479,246,'4.62',241,147,216,2),(480,0,'3.22',241,141,216,3),(481,165,'14.51',241,143,226,0),(482,327,'3.28',241,151,226,1),(483,177,'15.13',241,145,226,2),(484,191,'2.37',241,141,226,3),(485,155,'14.62',241,143,215,0),(486,205,'2.73',241,151,215,1),(487,235,'18.92',241,145,215,2),(488,94,'2.48',241,141,215,3),(489,155,'14.62',241,143,220,0),(490,260,'2.98',241,151,220,1),(491,211,'17.31',241,145,220,2),(492,24,'3.01',241,141,220,3),(493,446,'12.38',241,143,219,0),(494,55,'2.05',241,151,219,1),(495,121,'11.64',241,145,219,2),(496,0,'3.15',241,141,219,3),(502,145,'14.72',241,143,501,0),(503,165,'2.55',241,151,501,1),(504,206,'16.99',241,145,501,2),(505,0,'3.22',241,141,501,3),(507,95,'15.32',241,143,506,0),(508,214,'2.77',241,151,506,1),(509,238,'19.10',241,145,506,2),(510,62,'2.53',241,141,506,3),(511,44,'16.16',241,143,222,0),(512,135,'2.41',241,151,222,1),(513,287,'22.36',241,145,222,2),(514,0,'3.38',241,141,222,3),(518,120,'15.01',241,143,218,0),(519,172,'2.58',241,151,218,1),(520,71,'8.68',241,145,218,2),(521,41,'2.57',241,141,218,3),(522,66,'15.75',241,143,224,0),(523,143,'2.45',241,151,224,1),(524,103,'10.55',241,145,224,2),(525,12,'3.05',241,141,224,3),(529,342,'10.28',241,139,221,0),(530,258,'2.97',241,151,221,1),(531,189,'15.92',241,145,221,2),(532,235,'2.43',241,364,221,3),(533,0,'20.85',241,139,229,0),(534,177,'2.60',241,151,229,1),(535,206,'17.01',241,145,229,2),(536,0,'3.36',241,364,229,3),(537,59,'12.49',241,139,223,0),(538,93,'2.22',241,151,223,1),(539,144,'13.09',241,145,223,2),(540,36,'3.08',241,364,223,3),(541,47,'12.66',241,139,227,0),(542,77,'2.15',241,151,227,1),(543,157,'13.87',241,145,227,2),(544,41,'3.07',241,364,227,3),(545,68,'12.37',241,139,225,0),(546,73,'2.13',241,151,225,1),(547,99,'10.29',241,145,225,2),(548,46,'3.06',241,364,225,3),(549,1,'13.89',241,139,228,0),(550,88,'2.20',241,151,228,1),(551,145,'13.10',241,145,228,2),(552,0,'3.48',241,364,228,3),(553,42,'12.74',241,139,238,0),(554,55,'2.05',241,151,238,1),(555,125,'11.89',241,145,238,2),(556,0,'',241,364,238,3),(557,42,'12.74',241,139,235,0),(558,77,'2.15',241,151,235,1),(559,76,'8.98',241,145,235,2),(560,15,'3.14',241,364,235,3),(561,10,'13.46',241,139,232,0),(562,55,'2.05',241,151,232,1),(563,85,'9.47',241,145,232,2),(564,0,'3.46',241,364,232,3),(565,28,'12.99',241,139,230,0),(566,265,'2.4',241,412,230,1),(567,73,'8.79',241,145,230,2),(568,134,'3.13',241,410,230,3),(569,86,'12.15',241,139,234,0),(570,51,'1.43',241,412,234,1),(571,116,'11.32',241,145,234,2),(572,142,'3.12',241,410,234,3),(576,0,'14.11',241,139,236,0),(577,210,'2.15',241,412,236,1),(578,84,'9.46',241,145,236,2),(579,46,'3.26',241,410,236,3),(580,22,'13.11',241,139,233,0),(581,188,'2.05',241,412,233,1),(582,35,'6.66',241,145,233,2),(583,36,'3.28',241,410,233,3),(593,92,'14.97',241,142,183,0),(594,90,'2.41',241,140,183,3),(595,504,'12.04',241,143,202,0),(596,503,'4.08',241,151,202,1),(597,453,'7.86',241,147,202,2),(598,381,'2.22',241,141,202,3),(599,132,'14.87',241,143,214,0),(600,203,'2.72',241,151,214,1),(601,265,'4.91',241,147,214,2),(602,235,'2.33',241,141,214,3),(603,166,'14.50',241,143,210,0),(604,298,'3.15',241,151,210,1),(605,292,'5.32',241,147,210,2),(606,0,'3.27',241,141,210,3),(607,101,'15.25',241,143,211,0),(608,125,'2.44',241,141,211,3),(609,22,'16.68',241,143,217,0),(610,161,'2.53',241,151,217,1),(611,222,'18.03',241,145,217,2),(612,4,'3.09',241,141,217,3),(613,339,'10.30',241,139,231,0),(614,227,'2.83',241,151,231,1),(615,283,'22.11',241,145,231,2),(616,477,'2.26',241,364,231,3),(617,0,'14.35',241,139,237,0),(618,203,'2.12',241,412,237,1),(619,80,'9.18',241,145,237,2),(620,87,'3.19',241,410,237,3),(621,0,'18.82',241,139,239,0),(622,2,'1.21',241,412,239,1),(623,0,'3.79',241,145,239,2),(624,0,'4.13',241,410,239,3),(625,0,'15.39',241,139,240,0),(626,2,'1.21',241,412,240,1),(627,0,'4.23',241,145,240,2),(628,0,'3.46',241,410,240,3),(629,253,'13.24',242,142,165,0),(630,250,'3.28',242,150,165,1),(631,383,'7.29',242,148,165,2),(632,154,'2.33',242,140,165,3),(633,423,'11.98',242,142,164,0),(634,443,'4.35',242,150,164,1),(635,381,'7.25',242,148,164,2),(636,366,'2.15',242,140,164,3),(637,344,'12.52',242,142,166,0),(638,335,'3.75',242,150,166,1),(639,374,'7.15',242,148,166,2),(640,248,'2.24',242,140,166,3),(641,285,'12.97',242,142,168,0),(642,306,'3.59',242,150,168,1),(643,269,'5.50',242,148,168,2),(644,248,'2.24',242,140,168,3),(645,184,'13.88',242,142,507,0),(646,309,'3.61',242,150,507,1),(647,236,'5.00',242,148,507,2),(648,193,'2.29',242,140,507,3),(649,176,'13.96',242,142,508,0),(650,291,'3.51',242,150,508,1),(651,212,'4.63',242,148,508,2),(652,163,'2.32',242,140,508,3),(653,217,'13.56',242,142,167,0),(654,241,'3.23',242,150,167,1),(655,286,'5.76',242,148,167,2),(656,0,'3.09',242,140,167,3),(657,312,'12.76',242,142,174,0),(658,277,'3.43',242,150,174,1),(659,265,'5.43',242,146,174,2),(660,236,'2.25',242,140,174,3),(661,222,'13.51',242,142,171,0),(662,250,'3.28',242,150,171,1),(663,243,'5.10',242,146,171,2),(664,248,'2.24',242,140,171,3),(665,209,'13.63',242,142,169,0),(666,295,'3.53',242,150,169,1),(667,314,'6.19',242,146,169,2),(668,97,'2.40',242,140,169,3),(669,138,'14.38',242,142,173,0),(670,154,'2.75',242,150,173,1),(671,175,'4.08',242,146,173,2),(672,205,'13.67',242,142,177,0),(673,315,'3.64',242,150,177,1),(674,262,'27.63',242,144,177,2),(675,248,'2.24',242,140,177,3),(676,129,'14.49',242,142,187,0),(677,181,'2.90',242,150,187,1),(678,304,'31.10',242,144,187,2),(679,154,'2.33',242,140,187,3),(680,178,'13.94',242,142,172,0),(681,264,'3.36',242,150,172,1),(682,168,'19.93',242,144,172,2),(683,120,'2.37',242,140,172,3),(684,125,'14.54',242,142,185,0),(685,197,'2.99',242,150,185,1),(686,201,'22.62',242,144,185,2),(687,154,'2.33',242,140,185,3),(688,123,'14.56',242,142,175,0),(689,212,'3.07',242,150,175,1),(690,277,'28.85',242,144,175,2),(691,12,'2.58',242,140,175,3),(692,106,'14.78',242,142,176,0),(693,203,'3.02',242,150,176,1),(694,157,'19.10',242,144,176,2),(695,39,'2.50',242,140,176,3),(696,65,'15.41',242,142,183,0),(697,101,'2.46',242,150,183,1),(698,59,'11.74',242,144,183,2),(699,77,'2.43',242,140,183,3),(700,8,'16.89',242,142,184,0),(701,80,'2.34',242,150,184,1),(702,171,'20.23',242,144,184,2),(703,6,'3.01',242,140,184,3),(704,33,'16.06',242,142,509,0),(705,56,'2.21',242,150,509,1),(706,150,'18.55',242,144,509,2),(707,4,'3.02',242,140,509,3),(708,28,'16.20',242,142,191,0),(709,0,'1.90',242,150,191,1),(710,152,'18.67',242,144,191,2),(711,17,'2.56',242,140,191,3),(712,26,'16.23',242,142,179,0),(713,58,'2.22',242,150,179,1),(714,95,'14.32',242,144,179,2),(715,0,'3.21',242,140,179,3),(716,109,'11.59',242,138,190,0),(717,99,'2.45',242,150,190,1),(718,167,'19.86',242,144,190,2),(719,154,'2.43',242,363,190,3),(720,82,'11.90',242,138,180,0),(721,143,'2.69',242,150,180,1),(722,161,'19.39',242,144,180,2),(723,83,'2.52',242,363,180,3),(724,66,'12.10',242,138,181,0),(725,132,'2.63',242,150,181,1),(726,180,'20.91',242,144,181,2),(727,64,'2.55',242,363,181,3),(728,111,'11.57',242,138,192,0),(729,141,'2.68',242,150,192,1),(730,58,'11.64',242,144,192,2),(731,112,'2.48',242,363,192,3),(732,132,'11.37',242,138,189,0),(733,9,'1.95',242,150,189,1),(734,160,'19.36',242,144,189,2),(735,70,'2.54',242,363,189,3),(736,31,'12.66',242,138,193,0),(737,116,'2.54',242,150,193,1),(738,88,'13.86',242,144,193,2),(739,58,'12.21',242,138,510,0),(740,98,'2.44',242,150,510,1),(741,32,'9.90',242,144,510,2),(742,48,'2.58',242,363,510,3),(743,0,'14.40',242,138,194,0),(744,0,'1.90',242,150,194,1),(745,106,'15.19',242,144,194,2),(746,0,'3.22',242,363,194,3),(747,21,'12.88',242,138,196,0),(748,69,'2.28',242,150,196,1),(749,9,'8.47',242,144,196,2),(750,4,'3.12',242,363,196,3),(751,16,'13.03',242,138,188,0),(752,0,'1.90',242,150,188,1),(753,59,'11.74',242,144,188,2),(754,0,'3.19',242,363,188,3),(755,0,'15.30',242,138,511,0),(756,0,'1.90',242,150,511,1),(757,11,'8.58',242,144,511,2),(758,0,'4.47',242,363,511,3),(759,0,'13.97',242,138,512,0),(760,2,'1.91',242,150,512,1),(761,1,'8.03',242,144,512,2),(762,0,'3.27',242,363,512,3),(763,15,'13.06',242,138,200,0),(764,105,'1.88',242,411,200,1),(765,0,'4.37',242,144,200,2),(766,30,'3.22',242,409,200,3),(767,0,'13.92',242,138,195,0),(768,61,'1.64',242,411,195,1),(769,0,'6.86',242,144,195,2),(770,0,'3.37',242,409,195,3),(771,0,'15.68',242,138,197,0),(772,18,'1.40',242,411,197,1),(773,0,'6.81',242,144,197,2),(774,12,'3.28',242,409,197,3),(775,0,'16.42',242,138,201,0),(776,18,'1.40',242,411,201,1),(777,0,'6.17',242,144,201,2),(778,6,'3.31',242,409,201,3),(779,446,'12.38',242,143,202,0),(780,441,'3.80',242,151,202,1),(781,402,'7.03',242,147,202,2),(782,310,'2.27',242,141,202,3),(783,372,'12.85',242,143,204,0),(784,402,'3.62',242,151,204,1),(785,462,'8.00',242,147,204,2),(786,259,'2.31',242,141,204,3),(787,299,'13.36',242,143,203,0),(788,384,'3.54',242,151,203,1),(789,338,'6.03',242,147,203,2),(790,212,'2.35',242,141,203,3),(791,182,'14.34',242,143,207,0),(792,214,'2.77',242,151,207,1),(793,404,'7.07',242,147,207,2),(794,0,'3.26',242,141,207,3),(795,81,'15.53',242,143,205,0),(796,88,'2.20',242,151,205,1),(797,333,'5.96',242,147,205,2),(798,0,'3.53',242,141,205,3),(799,463,'12.28',242,143,209,0),(800,353,'3.40',242,151,209,1),(801,317,'5.70',242,147,209,2),(802,284,'2.29',242,141,209,3),(803,299,'13.36',242,143,212,0),(804,320,'3.25',242,151,212,1),(805,320,'5.75',242,147,212,2),(806,235,'2.33',242,141,212,3),(807,188,'14.29',242,143,208,0),(808,271,'3.03',242,151,208,1),(809,310,'5.60',242,147,208,2),(810,101,'2.47',242,141,208,3),(811,125,'14.95',242,143,214,0),(812,196,'2.69',242,151,214,1),(813,257,'4.79',242,147,214,2),(814,212,'2.35',242,141,214,3),(815,142,'14.76',242,143,211,0),(816,232,'2.85',242,151,211,1),(817,252,'4.72',242,147,211,2),(818,161,'2.40',242,141,211,3),(819,126,'14.94',242,143,513,0),(820,282,'3.08',242,151,513,1),(821,279,'5.12',242,147,513,2),(822,94,'2.48',242,141,513,3),(823,122,'14.98',242,143,213,0),(824,232,'2.85',242,151,213,1),(825,297,'5.40',242,147,213,2),(826,68,'2.52',242,141,213,3),(827,124,'14.96',242,143,210,0),(828,240,'2.89',242,151,210,1),(829,311,'5.62',242,147,210,2),(830,0,'3.25',242,141,210,3),(831,156,'14.60',242,143,514,0),(832,205,'2.73',242,151,514,1),(833,188,'3.77',242,147,514,2),(834,80,'2.50',242,141,514,3),(835,91,'15.38',242,143,216,0),(836,157,'2.51',242,151,216,1),(837,233,'4.43',242,147,216,2),(838,0,'3.27',242,141,216,3),(839,126,'14.93',242,143,226,0),(840,254,'2.95',242,151,226,1),(841,158,'13.96',242,145,226,2),(842,181,'2.38',242,141,226,3),(843,209,'14.09',242,143,506,0),(844,172,'2.58',242,151,506,1),(845,198,'16.49',242,145,506,2),(846,134,'2.43',242,141,506,3),(847,147,'14.70',242,143,215,0),(848,168,'2.56',242,151,215,1),(849,195,'16.29',242,145,215,2),(850,87,'2.49',242,141,215,3),(851,152,'14.65',242,143,220,0),(852,172,'2.58',242,151,220,1),(853,202,'16.74',242,145,220,2),(854,36,'2.58',242,141,220,3),(855,51,'16.02',242,143,515,0),(856,190,'2.66',242,151,515,1),(857,179,'15.29',242,145,515,2),(858,46,'2.56',242,141,515,3),(859,83,'15.49',242,143,501,0),(860,106,'2.28',242,151,501,1),(861,140,'12.83',242,145,501,2),(862,0,'3.17',242,141,501,3),(863,1,'17.68',242,143,217,0),(864,104,'2.27',242,151,217,1),(865,153,'13.61',242,145,217,2),(866,0,'3.19',242,141,217,3),(867,25,'16.59',242,143,224,0),(868,99,'2.25',242,151,224,1),(869,67,'8.46',242,145,224,2),(870,0,'3.15',242,141,224,3),(871,37,'16.31',242,143,219,0),(872,55,'2.05',242,151,219,1),(873,58,'7.92',242,145,219,2),(874,0,'3.27',242,141,219,3),(875,328,'10.36',242,139,231,0),(876,232,'2.85',242,151,231,1),(877,175,'15.02',242,145,231,2),(878,444,'2.28',242,364,231,3),(879,204,'11.13',242,139,221,0),(880,243,'2.90',242,151,221,1),(881,213,'17.43',242,145,221,2),(882,224,'2.44',242,364,221,3),(883,76,'12.27',242,139,516,0),(884,150,'2.48',242,151,516,1),(885,129,'12.15',242,145,516,2),(886,0,'3.53',242,364,516,3),(887,17,'13.23',242,139,229,0),(888,97,'2.24',242,151,229,1),(889,135,'12.49',242,145,229,2),(890,56,'3.04',242,364,229,3),(891,50,'12.62',242,139,225,0),(892,44,'2.00',242,151,225,1),(893,79,'9.14',242,145,225,2),(894,12,'3.15',242,364,225,3),(895,2,'13.81',242,139,238,0),(896,60,'2.07',242,151,238,1),(897,90,'9.76',242,145,238,2),(898,0,'4.57',242,364,238,3),(899,4,'13.69',242,139,227,0),(900,0,'1.80',242,151,227,1),(901,102,'10.47',242,145,227,2),(902,41,'3.07',242,364,227,3),(903,1,'13.97',242,139,228,0),(904,13,'1.86',242,151,228,1),(905,68,'8.52',242,145,228,2),(906,0,'3.39',242,364,228,3),(907,0,'14.54',242,139,232,0),(908,0,'1.80',242,151,232,1),(909,47,'7.30',242,145,232,2),(910,0,'3.58',242,364,232,3),(911,0,'14.64',242,139,234,0),(912,113,'1.71',242,412,234,1),(913,82,'9.34',242,145,234,2),(914,87,'3.19',242,410,234,3),(915,0,'14.48',242,139,230,0),(916,135,'1.81',242,412,230,1),(917,22,'5.99',242,145,230,2),(918,117,'3.15',242,410,230,3),(919,21,'13.14',242,139,237,0),(920,150,'1.88',242,412,237,1),(921,53,'7.63',242,145,237,2),(922,0,'3.50',242,410,237,3),(923,0,'14.65',242,139,236,0),(924,146,'1.86',242,412,236,1),(925,20,'5.89',242,145,236,2),(926,36,'3.28',242,410,236,3),(927,6,'13.60',242,139,233,0),(928,110,'1.70',242,412,233,1),(929,7,'5.28',242,145,233,2),(930,36,'3.28',242,410,233,3),(931,0,'17.71',242,139,239,0),(932,2,'1.21',242,412,239,1),(933,0,'2.31',242,145,239,2),(934,0,'3.55',242,410,239,3);
/*!40000 ALTER TABLE `result` ENABLE KEYS */;
UNLOCK TABLES;

--
-- Table structure for table `securitygroup`
--

DROP TABLE IF EXISTS `securitygroup`;
/*!40101 SET @saved_cs_client     = @@character_set_client */;
/*!40101 SET character_set_client = utf8 */;
CREATE TABLE `securitygroup` (
  `email` varchar(255) NOT NULL,
  `name` varchar(255) NOT NULL,
  PRIMARY KEY (`email`)
) ENGINE=InnoDB DEFAULT CHARSET=latin1;
/*!40101 SET character_set_client = @saved_cs_client */;

--
-- Dumping data for table `securitygroup`
--

LOCK TABLES `securitygroup` WRITE;
/*!40000 ALTER TABLE `securitygroup` DISABLE KEYS */;
INSERT INTO `securitygroup` VALUES ('ad.moser@bluewin.ch','user'),('simon@martinelli.ch','user');
/*!40000 ALTER TABLE `securitygroup` ENABLE KEYS */;
UNLOCK TABLES;

--
-- Table structure for table `securityuser`
--

DROP TABLE IF EXISTS `securityuser`;
/*!40101 SET @saved_cs_client     = @@character_set_client */;
/*!40101 SET character_set_client = utf8 */;
CREATE TABLE `securityuser` (
  `email` varchar(255) NOT NULL,
  `confirmationId` varchar(255) NOT NULL,
  `confirmed` tinyint(1) DEFAULT '0',
  `firstName` varchar(255) NOT NULL,
  `lastName` varchar(255) NOT NULL,
  `secret` varchar(255) NOT NULL,
  PRIMARY KEY (`email`)
) ENGINE=InnoDB DEFAULT CHARSET=latin1;
/*!40101 SET character_set_client = @saved_cs_client */;

--
-- Dumping data for table `securityuser`
--

LOCK TABLES `securityuser` WRITE;
/*!40000 ALTER TABLE `securityuser` DISABLE KEYS */;
INSERT INTO `securityuser` VALUES ('ad.moser@bluewin.ch','1',1,'Adrian','Moser','jbwjRcI4CM24eyNVaxB4FA=='),('simon@martinelli.ch','1',1,'Simon','Martinelli','009g5j/5XBby/F8XR9u/Wg==');
/*!40000 ALTER TABLE `securityuser` ENABLE KEYS */;
UNLOCK TABLES;

--
-- Table structure for table `series`
--

DROP TABLE IF EXISTS `series`;
/*!40101 SET @saved_cs_client     = @@character_set_client */;
/*!40101 SET character_set_client = utf8 */;
CREATE TABLE `series` (
  `id` bigint(20) NOT NULL AUTO_INCREMENT,
  `logo` longblob,
  `name` varchar(255) NOT NULL,
  `space_id` bigint(20) NOT NULL,
  PRIMARY KEY (`id`),
  KEY `fk_series_space` (`space_id`),
  CONSTRAINT `fk_series_space` FOREIGN KEY (`space_id`) REFERENCES `tspace` (`id`)
) ENGINE=InnoDB AUTO_INCREMENT=141 DEFAULT CHARSET=latin1;
/*!40101 SET character_set_client = @saved_cs_client */;

--
-- Dumping data for table `series`
--

LOCK TABLES `series` WRITE;
/*!40000 ALTER TABLE `series` DISABLE KEYS */;
INSERT INTO `series` VALUES (137,NULL,'CIS 2013',7),(140,NULL,'CIS 2014',7);
/*!40000 ALTER TABLE `series` ENABLE KEYS */;
UNLOCK TABLES;

--
-- Table structure for table `tspace`
--

DROP TABLE IF EXISTS `tspace`;
/*!40101 SET @saved_cs_client     = @@character_set_client */;
/*!40101 SET character_set_client = utf8 */;
CREATE TABLE `tspace` (
  `id` bigint(20) NOT NULL AUTO_INCREMENT,
  `name` varchar(255) NOT NULL,
  PRIMARY KEY (`id`)
) ENGINE=InnoDB AUTO_INCREMENT=10 DEFAULT CHARSET=latin1;
/*!40101 SET character_set_client = @saved_cs_client */;

--
-- Dumping data for table `tspace`
--

LOCK TABLES `tspace` WRITE;
/*!40000 ALTER TABLE `tspace` DISABLE KEYS */;
INSERT INTO `tspace` VALUES (7,'CIS'),(9,'CIS');
/*!40000 ALTER TABLE `tspace` ENABLE KEYS */;
UNLOCK TABLES;

--
-- Table structure for table `userspace`
--

DROP TABLE IF EXISTS `userspace`;
/*!40101 SET @saved_cs_client     = @@character_set_client */;
/*!40101 SET character_set_client = utf8 */;
CREATE TABLE `userspace` (
  `id` bigint(20) NOT NULL AUTO_INCREMENT,
  `role` varchar(255) NOT NULL,
  `space_id` bigint(20) NOT NULL,
  `user_email` varchar(255) NOT NULL,
  PRIMARY KEY (`id`),
  KEY `fk_userspace_tspace` (`space_id`),
  KEY `fk_userspace_securityuser` (`user_email`),
  CONSTRAINT `fk_userspace_securityuser` FOREIGN KEY (`user_email`) REFERENCES `securityuser` (`email`),
  CONSTRAINT `fk_userspace_tspace` FOREIGN KEY (`space_id`) REFERENCES `tspace` (`id`)
) ENGINE=InnoDB AUTO_INCREMENT=10 DEFAULT CHARSET=latin1;
/*!40101 SET character_set_client = @saved_cs_client */;

--
-- Dumping data for table `userspace`
--

LOCK TABLES `userspace` WRITE;
/*!40000 ALTER TABLE `userspace` DISABLE KEYS */;
INSERT INTO `userspace` VALUES (8,'OWNER',7,'simon@martinelli.ch'),(9,'ADMIN',7,'ad.moser@bluewin.ch');
/*!40000 ALTER TABLE `userspace` ENABLE KEYS */;
UNLOCK TABLES;
/*!40103 SET TIME_ZONE=@OLD_TIME_ZONE */;

/*!40101 SET SQL_MODE=@OLD_SQL_MODE */;
/*!40014 SET FOREIGN_KEY_CHECKS=@OLD_FOREIGN_KEY_CHECKS */;
/*!40014 SET UNIQUE_CHECKS=@OLD_UNIQUE_CHECKS */;
/*!40101 SET CHARACTER_SET_CLIENT=@OLD_CHARACTER_SET_CLIENT */;
/*!40101 SET CHARACTER_SET_RESULTS=@OLD_CHARACTER_SET_RESULTS */;
/*!40101 SET COLLATION_CONNECTION=@OLD_COLLATION_CONNECTION */;
/*!40111 SET SQL_NOTES=@OLD_SQL_NOTES */;

-- Dump completed on 2014-04-25 12:46:37
